"Fiscal Year","Start Date","End Date","Event Name","Event Type","Virtual / In-Person","Partners","Vol.","Vol. Hours","Prog. Hours","ARNG Adults","ANG Adults","Other Branch Adults","ARNG 6-12","ANG 6-12","Other Branch 6-12","ARNG 13-18","ANG 13-18","Other Branch 13-18","Other","0-5","Total","Resources / Referrals","Event Status","Reporting Complete","Event ID"
"FY20","2019-10-06","2019-10-06","Fall Festival Sioux City","Community Outreach, Briefings and Events","","","0","0","0","0","125","25","0","75","0","0","50","0","25","0","300","0","Completed","true","f60054c1-a476-49a4-a646-bc3d73c4edb4"
"FY20","2019-10-08","2019-10-08","Patching Ceremony","Command/Unit/FRG Briefings","","","0","0","0","20","0","0","2","0","0","2","0","0","0","0","24","0","Completed","true","33e9c101-7c24-4da6-88e3-f3dd090e2133"
"FY20","2019-10-19","2019-10-19","Military Monster Ball","Partnered Event or Activity","","","12","4","4","31","52","25","16","54","0","5","8","0","0","0","191","0","Completed","true","9cf4b4d6-1491-4355-8e44-db37cca2aa46"
"FY20","2019-10-27","2019-10-27","Des Moines Fall Family Festival","Partnered Event or Activity","","","84","2","2","125","0","13","110","15","40","53","10","0","0","0","366","0","Completed","true","444bda8a-6a39-48d3-a09b-389ce3adffbc"
"FY20","2019-11-09","2019-11-09","Veterans Day Program","Partnered Event or Activity","","","0","0","0","20","0","160","15","0","0","5","0","0","0","0","200","0","Completed","true","0d1533d1-7378-4966-a8ee-c10668369d8c"
"FY20","2019-11-23","2019-11-23","MFE Ninja Warrior Junior","Partnered Event or Activity","","","1","2","2","46","6","0","40","13","0","4","0","0","0","0","109","0","Completed","true","bb42d447-5f01-4573-918c-69e6262c215f"
"FY20","2019-11-25","2019-11-25","Summit Middle School Military Support Meeting","Education Outreach and School Support Groups","","","0","0","0","0","0","5","0","0","0","0","0","0","0","0","5","0","Completed","true","0be69074-3487-43bd-bce4-5a677c3a0f3a"
"FY20","2019-12-05","2019-12-05","132nd Holiday Party","Family Days and Military Appreciation Events","","","0","0","3","0","17","0","0","12","0","0","2","0","0","0","31","0","Completed","true","61fbd9a7-cf20-47a1-9866-bab3fc29014a"
"FY20","2019-12-05","2019-12-05","Joining Community Forces","Community Outreach, Briefings and Events","","","0","0","0","26","0","20","0","0","0","0","0","0","0","0","46","0","Completed","true","41d9987f-390a-4c15-8295-04212e3b871c"
"FY20","2019-12-06","2019-12-06","132nd Holiday Party","Family Days and Military Appreciation Events","","","0","0","4","0","160","0","0","37","0","0","10","0","0","0","207","0","Completed","true","c1401acd-4088-4b73-bda4-99376abc4c03"
"FY20","2019-12-07","2019-12-07","JFHQ Holiday Party","Family Days and Military Appreciation Events","","","2","4","0","0","0","0","11","0","0","8","0","0","0","0","19","0","Completed","true","c39dc8b1-acab-42cf-8491-4cbd24b50a3e"
"FY20","2019-12-18","2019-12-18","State Teen Panel","Teen Council Meeting or Training","","","0","0","1","0","0","0","0","0","0","2","3","0","0","0","5","0","Completed","true","10f5df90-38e5-4815-b39a-826905cdcc26"
"FY20","2020-01-12","2020-01-12","Unit Brief","Command/Unit/FRG Briefings","","","0","0","0","25","0","0","0","0","0","0","0","0","0","0","25","0","Completed","true","1878175c-c228-460d-aae6-46cffb2e98ed"
"FY20","2020-01-16","2020-01-16","Patching Ceremony","Command/Unit/FRG Briefings","","","0","0","0","64","0","0","10","0","0","0","0","0","0","0","74","0","Completed","true","30f4ba87-9618-4c20-99d2-03c640203b88"
"FY20","2020-01-16","2020-01-16","Patching Ceremony","Command/Unit/FRG Briefings","","","0","0","0","78","0","0","0","0","0","8","0","0","0","0","86","0","Completed","true","4de361d6-203b-4566-a0be-d6bf3c5568f3"
"FY20","2020-01-18","2020-01-18","Marketing Workgroup","Partnered Event or Activity","","","0","0","0","10","0","0","0","0","0","0","0","0","0","0","10","0","Completed","true","938acf9c-e56d-455e-af34-98d634adf38a"
"FY20","2020-01-18","2020-01-18","Military Family Ball","Partnered Event or Activity","","","0","0","3","50","13","0","31","7","9","6","3","0","0","0","119","0","Completed","true","c4fab655-aa1b-46bb-9444-9e5a709d210a"
"FY20","2020-01-21","2020-01-21","Family Programs Chaplain Brief","Command/Unit/FRG Briefings","","","0","0","0","26","12","0","0","0","0","0","0","0","0","0","38","0","Completed","true","d9823f22-3c9d-4f55-898c-0fe206f13888"
"FY20","2020-01-23","2020-01-23","State Teen Panel","Teen Council Meeting or Training","","","0","0","1","0","0","0","0","0","0","2","3","0","0","0","5","0","Completed","true","1c7d5d51-a79f-4565-aa76-28b79864fa93"
"FY20","2020-02-05","2020-02-05","STP 1:1","Teen Council Meeting or Training","","","0","0","0.5","0","0","0","0","0","0","1","0","0","0","0","1","0","Completed","true","85395feb-e3ee-49c4-8f88-7c874c1eecc0"
"FY20","2020-02-11","2020-02-11","JCF (Waterloo)","Community Outreach, Briefings and Events","","","0","0","0","12","1","60","0","0","0","0","0","0","0","0","73","0","Completed","true","9c6266f7-3258-476a-809b-b0b5ab6178e8"
"FY20","2020-02-11","2020-02-11","Patching Ceremony","Command/Unit/FRG Briefings","","","0","0","0","78","0","0","8","0","0","4","0","0","0","0","90","0","Completed","true","8f193850-7cb7-4025-9d33-6f56d96b1610"
"FY20","2020-02-19","2020-02-19","STP 1:1","Teen Council Meeting or Training","","","0","0","0.5","0","0","0","0","0","0","1","0","0","0","0","1","0","Completed","true","be9c756d-a1e7-40f5-8cc0-c9555502e490"
"FY20","2020-02-19","2020-02-19","STP 1:1","Teen Council Meeting or Training","","","0","0","0.5","0","0","0","0","0","0","1","0","0","0","0","1","0","Completed","true","08b1ab37-608f-476d-8b5e-843529e67f3a"
"FY20","2020-02-20","2020-02-20","STP 1:1","Teen Council Meeting or Training","","","0","0","0.5","0","0","0","0","0","0","1","0","0","0","0","1","0","Completed","true","81eaddf9-e358-4a6b-98a1-1d8a802e102e"
"FY20","2020-02-23","2020-02-23","STP 1:1","Teen Council Meeting or Training","","","0","0","1","0","0","0","0","0","0","0","0","0","0","0","0","0","Completed","true","2db52bf9-e41f-4d04-bb7f-4ce91c01ec41"
"FY20","2020-04-08","2020-04-08","Wordy Wednesday","Day Camp","","","0","0","0","52","0","0","0","0","0","0","0","0","0","0","52","0","Completed","true","4d268b0a-d26a-4503-96fd-7dca016be48c"
"FY20","2020-04-08","2020-04-08","MOMC Announcements","Community Outreach, Briefings and Events","","","0","0","0","146","0","0","0","0","0","0","0","0","0","0","146","0","Completed","true","9a2e34c1-ee2d-4bfd-9631-f55e3209a6f5"
"FY20","2020-04-15","2020-04-15","Wordy Wednesday","Day Camp","","","0","0","0","251","0","0","0","0","0","0","0","0","0","0","251","0","Completed","true","42ffb643-473e-4632-abad-5e84d0448ad5"
"FY20","2020-04-22","2020-04-22","MOMC Certificates Shipped","MOMC Event","","","0","0","0","0","0","0","59","13","0","9","1","0","0","0","82","0","Completed","true","7dafbea6-39bf-434a-8a51-34dbef8912b9"
"FY20","2020-04-22","2020-04-22","Wordy Wednesday","Day Camp","","","0","0","0","316","0","0","0","0","0","0","0","0","0","0","316","0","Completed","true","d639a93b-bd60-42f5-8d24-fb33caea3948"
"FY20","2020-04-28","2020-04-28","Virtual MFE","MRT/Teen Resilience","","","0","0","1.25","48","7","0","59","13","0","9","1","0","0","0","137","0","Completed","true","907c17b3-277d-455c-9b41-752f241e9787"
"FY20","2020-04-29","2020-04-29","Wordy Wednesday","Day Camp","","","0","0","0","178","0","0","0","0","0","0","0","0","0","0","178","0","Completed","true","46b5a20e-95d6-4640-a2ed-dd9fdf84c3ab"
"FY20","2020-05-05","2020-05-05","Virtual MFE","Day Camp","","","0","0","0","15","0","0","7","0","0","0","0","0","0","0","22","0","Completed","true","00951f59-d0e1-4eb5-8ef7-a6647cd8b5bb"
"FY20","2020-05-28","2020-05-28","Yellow Ribbon","Yellow Ribbon Briefing and Programming","","","0","0","0","18","0","0","0","0","0","0","0","0","0","0","18","0","Completed","true","3046fe3e-fec2-4b24-b1c5-9432d81facc1"
"FY20","2020-06-08","2020-06-08","STEM Camp (Roblox)","Day Camp","","","0","0","15","0","0","0","0","8","0","0","0","0","0","0","8","0","Completed","true","6490120a-cee6-4baa-b533-61b275d67259"
"FY20","2020-06-15","2020-06-15","STEM Camp (Code Builders)","Day Camp","","","0","0","15","0","0","0","0","8","0","0","0","0","0","0","8","0","Completed","true","edb5aec6-9860-4910-ad35-0c1aeb803736"
"FY20","2020-06-15","2020-06-15","STEM Camp (Roblox)","Day Camp","","","0","0","15","0","0","0","0","8","0","0","0","0","0","0","8","0","Completed","true","91465978-8b12-4b05-a557-5496d5fe9cbe"
"FY20","2020-06-18","2020-06-18","Yellow Ribbon Pre-MOB","Yellow Ribbon Briefing and Programming","","","0","0","0","16","0","0","0","0","0","0","0","0","0","0","16","0","Completed","true","6da8dae1-b6c7-481c-8305-f371ced1c40f"
"FY20","2020-06-22","2020-06-22","STEM Camp (Game Developers)","Day Camp","","","0","0","15","0","0","0","0","18","0","0","0","0","0","0","18","0","Completed","true","a98f2aa5-0477-4f76-9dd8-2831b6d1825e"
"FY20","2020-06-24","2020-06-24","Joining Community Forces","Yellow Ribbon Briefing and Programming","","","0","0","0","26","0","54","0","0","0","0","0","0","0","0","80","0","Completed","true","fd1ebdc0-3965-4474-8a4b-07a7da79d87f"
"FY20","2020-06-28","2020-06-28","Yellow Ribbon Pre-MOB","Yellow Ribbon Briefing and Programming","","","0","0","0","164","0","0","0","0","0","0","0","0","0","0","164","0","Completed","true","ebe511e5-ff67-4976-8d23-9872faa2a3ac"
"FY20","2020-06-29","2020-06-29","Performing Arts Camp","Day Camp","","","0","0","15","0","0","0","0","18","0","0","0","0","0","0","18","0","Completed","true","7d872e24-6530-45e7-b4b3-7ae0fb1c67ea"
"FY20","2020-07-07","2020-07-07","Deployment 101","Command/Unit/FRG Briefings","","","0","0","0","72","0","0","0","0","0","0","0","0","0","0","72","0","Completed","true","174599f3-de7e-47e9-887a-602ae10d1ef1"
"FY20","2020-07-19","2020-07-19","Military Family Quarantine Quest","Youth Symposium","","","0","0","18","224","0","0","127","99","0","46","38","0","0","0","534","0","Completed","true","a23462df-008f-430e-aeaf-5cb4c13a9003"
"FY20","2020-08-04","2020-08-04","Deployment 101","Command/Unit/FRG Briefings","","","0","0","0","50","0","0","0","0","0","0","0","0","0","0","50","0","Completed","true","f2386c85-48e4-4b9a-a003-5e526f4bb040"
"FY20","2020-08-04","2020-08-04","Deployment 101","Command/Unit/FRG Briefings","","","0","0","0","26","0","0","0","0","0","0","0","0","0","0","26","0","Completed","true","50c831be-2a34-45b8-af75-2ebff645f2eb"
"FY20","2020-08-07","2020-08-07","Yellow Ribbon Post DET 6","Yellow Ribbon Briefing and Programming","","","0","0","0","7","0","0","0","0","0","0","0","0","0","0","7","12","Completed","true","de69620c-93db-4cb9-bca3-6a1484cf14b5"
"FY20","2020-08-11","2020-08-11","Deployment 101","Command/Unit/FRG Briefings","","","0","0","0","55","0","0","0","0","0","0","0","0","0","0","55","0","Completed","true","79c40612-3338-46d1-b284-5bd56b836c6a"
"FY20","2020-08-11","2020-08-11","Deployment 101","Command/Unit/FRG Briefings","","","0","0","0","24","0","0","0","0","0","0","0","0","0","0","24","2","Completed","true","606ed89c-51b6-4e5f-9602-b5a6e4d9e3b1"
"FY20","2020-08-15","2020-08-15","Yellow Ribbon Pre 1-113 CAV","Yellow Ribbon Briefing and Programming","","","0","0","0","100","0","0","18","0","0","7","0","0","0","0","125","120","Completed","true","7c11affb-348e-4c05-b974-f84c51d41a69"
"FY20","2020-08-16","2020-08-16","Yellow Ribbon Pre 1-113 CAV","Yellow Ribbon Briefing and Programming","","","0","0","0","127","0","0","25","0","0","5","0","0","0","0","157","157","Completed","true","cb3943bc-f2b8-4722-b27e-a504681a8b4d"
"FY20","2020-08-20","2020-08-20","ROOTS | Poster Creations","Day Camp","","","0","0","4","44","0","0","36","0","0","8","0","0","0","0","88","0","Completed","true","356ed178-48c5-4b86-b322-dc3926f96745"
"FY20","2020-08-20","2020-08-20","Deployment 101","Command/Unit/FRG Briefings","","","0","0","0","48","0","0","0","0","0","0","0","0","0","0","48","0","Completed","true","1c757605-bee7-485b-8216-3ac1d02d6050"
"FY20","2020-08-25","2020-08-25","Deployment 101","Command/Unit/FRG Briefings","","","0","0","0","25","0","0","0","0","0","0","0","0","0","0","25","0","Completed","true","1aa4a3d1-6fbb-4b9d-b790-0effcb2b50d3"
"FY20","2020-08-29","2020-08-29","Yellow Ribbon During Multiple Units","Yellow Ribbon Briefing and Programming","","","0","0","6.5","0","0","0","9","0","0","1","0","0","0","0","10","10","Completed","true","064e5649-95cd-41be-a7d2-2849d14d1555"
"FY20","2020-08-30","2020-08-30","Yellow Ribbon Pre HHC 2/34, 135 MPAD","Yellow Ribbon Briefing and Programming","","","0","0","7","77","0","0","8","0","0","2","0","0","0","0","87","22","Completed","true","bf738a1c-7969-4ee8-8361-0811beb53ef5"
"FY20","2020-09-02","2020-09-02","TRAINING - OPSEC","","","","0","0","0","0","0","0","0","0","0","0","0","0","0","0","0","0","Completed","true","5e6c76df-b5b8-4f45-9193-3c4511ff6da8"
"FY20","2020-09-06","2020-09-06","State Teen Panel Meeting","Teen Council Meeting or Training","","","0","0","1","2","0","0","0","0","0","3","0","0","0","0","5","0","Completed","true","dc2415b6-9aca-4345-be53-7873112770cb"
"FY20","2020-09-08","2020-09-08","Deployment 101 2pm","Command/Unit/FRG Briefings","","","0","0","0","29","0","0","0","0","0","0","0","0","0","0","29","29","Completed","true","ac926dfc-cefc-4c7e-a0c1-fe5e6be8fdd2"
"FY20","2020-09-08","2020-09-08","Deployment 101 7pm","Command/Unit/FRG Briefings","","","0","0","0","38","0","0","0","0","0","0","0","0","0","0","38","0","Completed","true","675e6ae0-139c-441a-87ce-453e8ef30033"
"FY20","2020-09-13","2020-09-13","Yellow Ribbon During 2-147 AV","Yellow Ribbon Briefing and Programming","","","0","0","0","0","0","0","0","0","0","0","0","0","0","0","0","0","Completed","true","f7c0118b-09b2-4f59-8ba6-62c6d1028964"
"FY20","2020-09-16","2020-09-16","Volunteer Training","Volunteer Training","","","4","1","1","0","0","4","0","0","0","0","0","0","0","0","4","0","Completed","true","df6189d5-881c-4bde-8fe3-aa295a22b1e4"
"FY20","2020-09-22","2020-09-22","BGCA Training","Volunteer Training","","BGCA","0","0","1","0","0","0","0","0","0","0","0","0","0","0","0","0","Completed","true","14d7f612-9e7d-4363-b2a9-0d71ce25a6a4"
"FY20","2020-09-23","2020-09-23","Deployment 101 part 3 @ 2pm","Command/Unit/FRG Briefings","","","0","0","0","17","0","0","0","0","0","0","0","0","0","0","17","0","Completed","true","b9b00e8d-f4c6-4550-9963-397fa2843dff"
"FY20","2020-09-23","2020-09-23","Deployment 101 7pm","Command/Unit/FRG Briefings","","","0","0","0","24","0","0","0","0","0","0","0","0","0","0","24","0","Completed","true","2dc1c12b-f377-4f9a-b0a0-c997277961bd"
"FY20","2020-09-24","2020-09-24","Treasure Hunters: Intro to Coin Collecting","Day Camp","","Christopher's Rare Coins","0","0","1","63","0","0","50","0","0","13","0","0","0","0","126","0","Completed","true","28aa0406-d76d-40a4-8f4e-e422d37bf925"
"FY21","2020-10-25","2020-10-25","Yellow Ribbon During","Yellow Ribbon Briefing and Programming","","","3","5","5","25","0","0","5","0","0","0","0","0","0","0","30","25","Completed","true","96980910-3063-469d-adaa-4bc2c43042f9"
"FY21","2020-10-25","2020-10-25","Fall Family Festival 2020","Family Days and Military Appreciation Events","","IA WFSB","111","5","2","135","0","0","101","0","0","10","0","0","0","83","329","330","Completed","true","5deb1135-8ebe-4593-8779-72535e52bd50"
"FY21","2020-11-08","2020-11-08","State Teen Panel","Teen Council Meeting or Training","","","0","0","1.5","2","0","0","0","0","0","4","0","0","0","0","6","0","Completed","true","c22ba0c2-3c63-4942-b581-6f01f69e387e"
"FY21","2020-11-14","2020-11-14","Yellow Ribbon During 1-113","Yellow Ribbon Briefing and Programming","","","0","0","6","35","0","0","9","0","0","0","0","0","0","0","44","39","Completed","true","0e8edf81-990e-491a-ab24-67664600c0bc"
"FY21","2020-11-15","2020-11-15","Yellow Ribbon During 67TC","Yellow Ribbon Briefing and Programming","","","0","0","0","12","0","0","0","0","0","0","0","0","0","0","12","12","Completed","true","68b203af-e441-48f8-b8e0-5993c5db0d85"
"FY21","2020-11-15","2020-11-15","Yellow Ribbon During 1-113","Yellow Ribbon Briefing and Programming","","","0","0","0","0","0","0","0","0","0","0","0","0","0","0","0","0","Completed","true","7e5bfd6c-8bb9-4ef7-a091-650b4dcc3e08"
"FY21","2020-12-14","2020-12-14","STP Meeting","Teen Council Meeting or Training","","","0","0","1.5","0","0","0","0","0","0","4","1","0","0","0","5","0","Completed","true","5a7c56ed-8143-4d5c-90c2-449f9efb51b8"
"FY21","2021-01-06","2021-01-06","Deployment 101 Training","Yellow Ribbon Briefing and Programming","","WFSB","0","0","0","53","0","0","0","0","0","0","0","0","0","0","53","0","Completed","true","6031b8e7-1d97-40bb-9780-becf776d10fe"
"FY21","2021-01-18","2021-01-18","MFC: Winter Outpost","Day Camp","","","0","0","0","0","0","0","0","0","0","0","0","0","0","0","0","0","Completed","true","84f3d40d-cb3d-4e44-b769-706536a10618"
"FY21","2021-01-23","2021-01-24","Yellow Ribbon Post","Yellow Ribbon Briefing and Programming","","WFSB","1","16","14.5","92","0","0","9","0","0","1","0","0","0","5","107","20","Completed","true","da8afe17-a774-44b1-952c-f594158fb63b"
"FY21","2021-01-23","2021-01-24","YR Post C/2-147th","Yellow Ribbon Briefing and Programming","","","1","16","14.5","92","0","0","9","0","0","1","0","0","0","5","107","20","Completed","true","3b520da4-e990-4620-8161-28530a3731a3"
"FY21","2021-02-21","2021-02-21","Deployment 101","Command/Unit/FRG Briefings","","WFSB","0","0","1","34","0","0","0","0","0","0","0","0","0","0","34","27","Completed","true","38c5c58c-ac8f-4869-9ba6-7f56bb4b83b4"
"FY21","2021-02-26","2021-02-26","The Hangout: Friendship Bracelets","Partnered Event or Activity","","","0","0","1","0","0","0","89","0","0","10","0","0","0","0","99","94","Completed","true","77697f78-9293-42f3-bba1-29697050eb83"
"FY21","2021-02-27","2021-02-28","STP Retreat","Teen Council Meeting or Training","","","0","0","21","0","0","0","0","0","0","5","0","0","0","0","5","0","Completed","true","fc898850-2515-4be9-8057-91438e2aa1b5"
"FY21","2021-03-06","2021-03-06","YR During 1-168 IN","Yellow Ribbon Briefing and Programming","","","0","0","5","0","0","0","4","0","0","1","0","0","0","0","5","5","Completed","true","6bb6712b-4c9b-4dc9-b486-2d4b75f4b383"
"FY21","2021-03-20","2021-03-20","YR During 1-113","Yellow Ribbon Briefing and Programming","","","0","0","6","60","0","0","9","0","0","0","0","0","0","0","69","9","Completed","true","18b9f326-259d-4ff7-b38e-fdba45a43d02"
"FY21","2021-03-27","2021-03-27","YR Ribbon During 1-113","Yellow Ribbon Briefing and Programming","","","0","0","6","50","0","0","11","0","0","0","0","0","0","5","66","11","Completed","true","77bf8481-8206-4efa-b18f-b4d0619ee325"
"FY21","2021-04-03","2021-04-03","MFE: Easter","Day Camp","","","0","0","4","56","0","0","12","0","0","6","0","0","0","19","93","37","Completed","true","0f2e8f67-6b2a-439b-9fdc-e0c299c36153"
"FY21","2021-04-10","2021-04-10","YR During B/1-171","Yellow Ribbon Briefing and Programming","","","0","0","2","15","0","0","0","0","0","0","0","0","0","0","15","15","Completed","true","79bfc8e2-cf56-4daa-b877-7e8e9a60983f"
"FY21","2021-04-11","2021-04-11","Yellow Ribbon 734 RSG/ 3654 SMC","Yellow Ribbon Briefing and Programming","","","0","0","0","24","0","0","0","0","0","0","0","0","0","0","24","24","Completed","true","95d8a862-06e3-449e-af6f-491f850a1d5e"
"FY21","2021-04-12","2021-04-12","Proclamation Signing","MOMC","","","0","0","1","15","0","0","3","0","0","2","0","0","0","0","20","0","Completed","true","fdc4ef86-a4c4-4fb7-9a83-e8e61c5823fe"
"FY21","2021-04-30","2021-04-30","Celebrate MOMC","MOMC","","","0","0","1","0","0","0","82","0","0","16","0","0","0","14","112","112","Completed","true","926451ac-e3dc-4b60-b104-e689c112841c"
"FY21","2021-05-08","2021-05-08","Yellow Ribbon During 1-194 FA","Yellow Ribbon Briefing and Programming","","","0","0","0","28","0","0","0","0","0","0","0","0","0","0","28","0","Completed","true","10069186-4538-4d41-b32e-cdfa5ea14e17"
"FY21","2021-05-16","2021-05-16","MFE: Drop Zone","Day Camp","","","1","3","3","22","0","0","50","0","0","12","0","0","0","0","84","82","Completed","true","b0d4bb76-6140-41fd-92e4-f67dea9d59bc"
"FY21","2021-06-05","2021-06-05","MFE Lost Island","Day Camp","","","0","0","8","20","0","0","36","0","0","6","0","0","0","3","65","65","Completed","true","748a7441-e635-4918-a7e9-408177c35f2c"
"FY21","2021-06-22","2021-06-22","USO Book Reading","Day Camp","","","0","0","1","7","0","0","5","0","0","0","0","0","0","0","12","0","Completed","true","4bb41b89-c78c-4638-94d6-e739737479b2"
"FY21","2021-06-22","2021-06-22","Volunteer Training","Volunteer Training","","","7","0","5","0","0","0","0","0","0","0","0","0","7","0","7","0","Completed","true","e0ab2f47-ad26-4118-9ca2-58346754d8fe"
"FY21","2021-06-24","2021-06-24","TAG Concert","Family Days and Military Appreciation Events","","","0","0","3","12","0","0","36","0","0","18","0","0","0","15","81","0","Completed","true","d6b5db16-404d-4289-9195-9ccb81fd8529"
"FY21","2021-06-26","2021-06-27","Yellow Ribbon","Yellow Ribbon Briefing and Programming","","","5","16","16","380","0","0","10","0","0","0","0","0","0","8","398","28","Completed","true","8b4d48ed-070c-4b8b-a3c4-592552109fd0"
"FY21","2021-06-27","2021-07-02","Summer Youth Symposium","Youth Symposium","","","25","76","76","40","0","0","45","0","0","29","0","0","0","0","114","74","Completed","true","95deed2b-9f23-4406-af99-2e4dd154f327"
"FY21","2021-06-27","2021-06-27","Volunteer Training","Volunteer Training","","","0","0","2","0","0","0","0","0","0","0","0","0","25","0","25","0","Completed","true","58003818-27b4-4572-a40a-c660c858e403"
"FY21","2021-07-01","2021-07-01","TAG Concert","Family Days and Military Appreciation Events","","","0","0","3","0","0","0","36","0","0","6","0","0","0","0","42","0","Completed","true","888f2d56-eb16-4da6-9e56-e86a3a44f7ac"
"FY21","2021-07-08","2021-07-08","Camp Dodge Concert Series","Family Days and Military Appreciation Events","","","0","0","3","0","0","0","34","0","0","14","0","0","0","0","48","0","Completed","true","74055489-df6c-4955-96a0-70d8a35e0145"
"FY21","2021-07-10","2021-07-11","YR Post 133","Yellow Ribbon Briefing and Programming","","","1","14","14","325","0","0","7","0","0","5","0","0","0","0","337","325","Completed","true","e6dbfe7b-5796-4722-9cca-fe64d5a6d5aa"
"FY21","2021-07-12","2021-07-15","STEM Camp","Day Camp","","","2","32","32","0","0","0","10","0","0","0","0","0","0","0","10","10","Completed","true","0f6e315d-5d0d-4c32-8123-cb37891c8924"
"FY21","2021-07-15","2021-07-15","TAG Concert","Family Days and Military Appreciation Events","","","2","3","3","0","0","0","36","0","0","0","0","0","0","0","36","0","Completed","true","38d07f58-4faf-4756-a11f-636678fb84e7"
"FY21","2021-07-17","2021-07-18","1-113 IN Post-Deployment YR -DSM","Yellow Ribbon Briefing and Programming","","","0","0","0","133","0","0","0","0","0","0","0","0","0","0","133","133","Completed","true","7000eeaa-c74a-4bbd-81aa-6740d763d127"
"FY21","2021-07-17","2021-07-18","YR Post C/1-113 CAV","Yellow Ribbon Briefing and Programming","","","0","0","0","109","0","0","0","0","0","0","0","0","0","0","109","109","Completed","true","13567055-4788-4de8-b73c-9330d319210d"
"FY21","2021-09-12","2021-09-12","STP Meeting","Teen Council Meeting or Training","","","0","0","1","2","0","0","0","0","0","1","0","0","0","0","3","0","Completed","true","149990f9-a969-4338-9076-7ad742614bd4"
"FY21","2021-09-12","2021-09-12","MFE: Skateland","Family Days and Military Appreciation Events","","","1","2","2","28","0","0","42","0","0","22","0","0","0","0","92","92","Completed","true","ee48dbac-80b2-4dab-9942-137e4951350d"
"FY21","2021-09-18","2021-09-18","Family Day Event","Family Days and Military Appreciation Events","","","2","5","3.5","5","154","0","4","45","0","4","11","0","0","18","241","45","Completed","true","2a6fcb89-fede-4406-b135-e265e8ad4838"
"FY21","2021-09-28","2021-09-28","Yellow Ribbon","Yellow Ribbon Briefing and Programming","","","0","0","8","186","0","0","12","0","0","0","0","0","0","5","203","12","Completed","true","ece9117e-9208-48cd-9c6a-9577292b5a30"
"FY22","2021-10-16","2021-10-16","Council Bluffs Fall Family Festival","Community Outreach, Briefings and Events","","","1","3","3","152","0","0","73","0","0","22","0","0","0","48","295","152","Completed","true","e5edd3af-4765-4ac4-9f9b-66d0528dce99"
"FY22","2021-10-16","2021-10-16","Waterloo Fall Family Festival","Community Outreach, Briefings and Events","","","0","2","2","62","0","0","32","0","0","12","0","0","0","36","142","10","Completed","true","aa4512e4-a54b-4b1e-80f8-54ed2bd2a730"
"FY22","2021-10-17","2021-10-17","Sioux City Fall Family Festival","Community Outreach, Briefings and Events","","","1","2","2","212","0","0","54","0","0","36","0","0","0","52","354","12","Completed","true","9924ad29-4bfd-443f-8337-41dd7a6563e4"
"FY22","2021-10-23","2021-10-24","State Teen Panel","Teen Council Meeting or Training","","","2","24","24","2","0","0","0","0","0","8","0","0","0","0","10","8","Completed","true","e3a5aec2-063f-4205-8656-22ca165fe7ed"
"FY22","2021-10-24","2021-10-24","Des Moines Fall Family Festival","Partnered Event or Activity","","","99","3","2","109","0","0","68","0","0","39","0","0","0","52","268","109","Completed","true","8d2b74c3-0305-4393-8aae-cb7953ee6d5e"
"FY22","2021-11-06","2021-11-07","WFSB Weekly Huddle","Yellow Ribbon Briefing and Programming","","","0","0","0","16","0","0","0","0","0","0","0","0","0","0","16","0","Completed","true","334e69d1-5c9c-431b-b6d3-76ab4e1679c4"
"FY22","2021-11-06","2021-11-07","Yellow Ribbon Post (Boone)","Yellow Ribbon Briefing and Programming","","","1","14","14","224","0","0","17","0","0","0","0","0","0","13","254","15","Completed","true","922f265d-4738-450d-99de-5cb6aa82c1a8"
"FY22","2021-11-06","2021-11-07","Yellow Ribbon Post (Sioux City)","Yellow Ribbon Briefing and Programming","","","3","14","14","280","0","0","14","0","0","0","0","0","0","12","306","14","Completed","true","a6f80991-c9ea-4d01-9762-b4f9d246e1dc"
"FY22","2021-11-13","2021-11-14","Yellow Ribbon Post (Fort Dodge)","Yellow Ribbon Briefing and Programming","","","0","0","14","200","0","0","4","0","0","0","0","0","0","5","209","4","Completed","true","24b714da-66ad-4d31-83a8-5894e94c8eb5"
"FY22","2021-12-04","2021-12-04","HHC 133rd Holiday Event","Family Days and Military Appreciation Events","","","2","3","3","275","0","0","73","0","0","17","0","0","0","18","383","85","Completed","true","923caa97-bee7-449d-ad7b-ae137fa69994"
"FY22","2021-12-04","2021-12-04","833rd Holiday Party","Family Days and Military Appreciation Events","","","1","3","3","21","0","0","13","0","0","3","0","0","0","3","40","25","Completed","true","1445f919-3b45-4cff-a2c9-ffaa0720a51c"
"FY22","2021-12-11","2021-12-11","Cookies w/ Santa","Partnered Event or Activity","","","8","3","2","64","0","0","48","0","0","24","0","0","0","24","160","0","Completed","true","b3b7e564-8406-4be1-a0cc-31a936faaf92"
"FY22","2022-01-30","2022-01-30","MFE: The Play Station","Partnered Event or Activity","","","1","2","2","12","0","0","18","0","0","7","0","0","0","0","37","25","Completed","true","c265eac5-44c8-4fa5-8028-e0bbcce9dcce"
"FY22","2022-02-05","2022-02-06","Yellow Ribbon Post 734 RSG","Yellow Ribbon Briefing and Programming","","","2","14","14","200","0","0","10","0","0","4","0","0","0","8","222","14","Completed","true","a5816518-ab17-4e05-803d-8f9f1ef6de39"
"FY22","2022-02-26","2022-02-26","Yellow Ribbon 3654 Post","Yellow Ribbon Briefing and Programming","","","0","0","0","225","0","0","2","0","0","3","0","0","0","18","248","26","Completed","true","19f378ce-ebef-44bc-954c-326567398fcd"
"FY22","2022-03-03","2022-03-03","Joining Community Services","Community Outreach, Briefings and Events","","","0","0","0","65","0","0","0","0","0","0","0","0","0","0","65","0","Completed","true","cb5c92d7-d678-4063-ae28-a1c0e6c3d002"
"FY22","2022-03-21","2022-03-21","WFSB Weekly Huddle","Family Days and Military Appreciation Events","","","0","0","0","15","0","0","0","0","0","0","0","0","0","0","15","0","Completed","true","45612fd2-0583-406c-9678-41d9d3135c83"
"FY22","2022-03-26","2022-03-26","Council Bluffs Family Day","Family Days and Military Appreciation Events","","","2","3","3","52","0","0","32","0","0","7","0","0","0","9","100","22","Completed","true","5b692138-c7ff-46ea-8d78-3814b975ed69"
"FY22","2022-03-26","2022-03-26","Council Bluffs Easter Event","Family Days and Military Appreciation Events","","","1","3","3","52","0","0","32","0","0","8","0","0","0","8","100","0","Completed","true","168857aa-6c85-4b36-8358-c374f8164af8"
"FY22","2022-03-31","2022-03-31","Volunteer Training","Volunteer Training","","","1","2","0","1","0","0","0","0","0","0","0","0","0","0","1","0","Completed","true","f74d3100-353f-4331-91f1-e20255306b35"
"FY22","2022-04-01","2022-04-01","Volunteer Staff Training","Volunteer Training","","","1","2","2","1","0","0","0","0","0","0","0","0","0","0","1","0","Completed","true","ff12dca9-4049-4b38-b8fa-65aa0373664d"
"FY22","2022-04-05","2022-04-05","Proclamation Signing","MOMC","","","1","2","2","10","0","0","10","0","0","1","0","0","3","0","24","6","Completed","true","b02768e8-6904-48f7-a7f3-265f9b6e329a"
"FY22","2022-04-10","2022-04-10","MFE: Sioux City","MOMC","","","2","3","3","32","0","0","44","0","0","18","0","0","0","15","109","96","Completed","true","38f6bdb7-f789-4fdf-bae0-f8f57f962902"
"FY22","2022-04-14","2022-04-14","MOMC School Outreach","Education Outreach and School Support Groups","","","1","2","0","0","0","0","0","0","0","0","0","0","278","0","278","0","Completed","true","76f4eebd-c269-4ee7-8a7a-c78761a20892"
"FY22","2022-04-19","2022-04-19","Volunteer Training","Volunteer Training","","","0","3","0","0","0","0","0","0","0","0","0","0","3","0","3","0","Completed","true","7c699a69-f837-4548-84f9-43dde0b7cb1c"
"FY22","2022-04-29","2022-05-01","State Teen Panel","Teen Council Meeting or Training","","","2","24","24","0","0","0","0","0","0","7","0","0","0","0","7","7","Completed","true","60502d5c-f6b1-4f8b-86e3-dc1c3fecfa7a"
"FY22","2022-04-30","2022-04-30","Military Family Ball","MOMC","","","16","12","3","64","0","0","26","0","0","22","0","0","0","35","147","132","Completed","true","3fd7d803-e8cb-40ec-9714-3490da620136"
"FY22","2022-04-30","2022-04-30","MOMC Classroom Events","MOMC","","","5","5","0","90","0","0","23","0","0","5","0","0","0","5","123","90","Completed","true","c90e8def-9fe8-4071-b205-eeef0c36713e"
"FY22","2022-04-30","2022-04-30","Volunteer Training","Volunteer Training","","","12","2","2","4","0","0","0","0","0","0","0","0","0","0","4","0","Completed","true","ee912c6d-6d8d-4319-9db3-de3dcc3765bb"
"FY22","2022-05-11","2022-05-11","Patching Ceremony","Command/Unit/FRG Briefings","","","0","0","0","35","0","0","6","0","0","0","0","0","0","2","43","5","Completed","true","465cd939-19d7-45b9-a023-c1ac0a93694a"
"FY22","2022-05-14","2022-05-14","YR 1-171AV Post - Davenport","Yellow Ribbon Briefing and Programming","","","0","0","0","55","0","0","0","0","0","0","0","0","0","0","55","20","Completed","true","36dfa5fe-eda1-46f7-9413-3c93e3264523"
"FY22","2022-05-21","2022-05-21","MFE Iowa City","Day Camp","","","1","2","2","15","0","0","31","0","0","14","0","0","0","0","60","15","Completed","true","271aaeea-c4f8-443c-8e53-e90eedbc0bbf"
"FY22","2022-06-02","2022-06-02","Summer Concert Series","Family Days and Military Appreciation Events","","","1","4","3","0","0","0","30","0","0","10","0","0","0","0","40","15","Completed","true","b050dbb6-1429-4958-aefa-eddb418b41a0"
"FY22","2022-06-06","2022-06-06","WFSB Weekly Huddle","Family Programs Staff Meeting & IPRs","","","0","0","0","14","0","0","0","0","0","0","0","0","0","0","14","0","Completed","true","e5f804f9-8e1a-4ad6-94f0-5b4aa73e135d"
"FY22","2022-06-08","2022-06-08","Patching Ceremony June","Command/Unit/FRG Briefings","","","0","0","1","8","0","0","2","0","0","0","0","0","0","0","10","10","Completed","true","c0cb6198-9bca-4a9e-ac35-502063969082"
"FY22","2022-06-09","2022-06-09","Summer Concert Series","Family Days and Military Appreciation Events","","","0","0","1","2","0","0","8","0","0","0","0","0","0","0","10","2","Completed","true","37b50ba3-4711-4079-bf8d-59ae2eae18bc"
"FY22","2022-06-23","2022-06-23","Summer Concert Series","Partnered Event or Activity","","","2","3","3","13","0","0","48","0","0","9","0","0","0","20","90","0","Completed","true","bc43a5ad-c733-4b2a-8544-24a4f9eb99a5"
"FY22","2022-06-26","2022-06-26","YR 209 Med Pre","Yellow Ribbon Briefing and Programming","","","1","8","8","226","0","0","3","0","0","1","0","0","0","8","238","24","Completed","true","d7bf23b7-5e5c-49c8-9ae6-048fd9972edb"
"FY22","2022-06-26","2022-06-26","Volunteer Training","Volunteer Training","","","0","1","1","1","0","0","0","0","0","1","0","0","0","0","2","0","Completed","true","b05d9247-2806-4aa5-923a-dbea846e66d2"
"FY22","2022-06-28","2022-06-28","Summer Concert Series","Partnered Event or Activity","","","2","3","3","8","0","0","32","0","0","7","0","0","0","7","54","0","Completed","true","2c0557b5-d6b1-4ffe-bc09-d63d3aa5d045"
"FY22","2022-07-07","2022-08-13","State Teen Panel","Teen Council Meeting or Training","","","0","0","85","0","0","0","0","0","0","2","0","0","0","0","2","0","Completed","true","f5c18c1c-1338-4536-912e-042983213cf6"
"FY22","2022-07-12","2022-07-12","Joining Community Services","Community Outreach, Briefings and Events","","","0","0","0","0","8","0","0","0","0","0","0","0","24","0","32","0","Completed","true","fb7e0c0f-01c0-4bca-834f-91dbadd27657"
"FY22","2022-07-16","2022-07-16","SOS Retreat","Gold Star Training/Event","","","2","9","9","126","0","0","16","0","0","6","0","0","0","0","148","42","Completed","true","5daa7458-458e-4860-883c-9a9f528023e9"
"FY22","2022-08-05","2022-08-05","IOGOA Family Event","Family Days and Military Appreciation Events","","","0","0","3","97","0","0","86","0","0","20","0","0","0","16","219","0","Completed","true","6890a552-2451-4d2b-8591-a83ed8ac9da8"
"FY22","2022-08-07","2022-08-07","Volunteer Training","Volunteer Training","","","0","0","3","0","0","0","0","0","0","0","0","0","17","0","17","0","Completed","true","3b60d27f-2b0f-4155-9631-3a7bd9eadc80"
"FY22","2022-08-07","2022-08-13","Youth Symposium","Youth Symposium","","","3","85","85","0","0","0","43","0","0","33","0","0","0","0","76","76","Completed","true","3263c5c1-1857-4294-9a87-ea0c65372374"
"FY22","2022-08-13","2022-08-13","MFE Waterloo","Day Camp","","","0","0","6","35","0","0","31","0","0","13","0","0","0","3","82","6","Completed","true","507604e6-28d6-4866-b6ed-bc8e57d8b36e"
"FY22","2022-09-09","2022-09-09","Yellow Ribbon Pre 1-133rd","Yellow Ribbon Briefing and Programming","","","3","5","8","0","0","0","10","0","0","0","0","0","0","0","10","12","Completed","true","05a5fdb7-1b7e-499f-ba92-dcefe1426c85"
"FY22","2022-09-09","2022-09-09","Volunteer Orientation","Volunteer Training","","","2","0","1","0","0","0","0","0","0","2","0","0","0","0","2","0","Completed","true","d06ecdad-536a-4d86-88e8-a4a00c9a7be2"
"FY22","2022-09-10","2022-09-10","MFE: Emerge","Day Camp","","","3","2","2","34","0","0","49","0","0","5","0","0","0","9","97","93","Completed","true","afa6e8e6-1b29-42c9-a5f4-552b0325e200"
"FY22","2022-09-17","2022-09-17","109th Unit Family Day","Family Days and Military Appreciation Events","","","1","2","2","65","0","0","57","0","0","11","0","0","0","14","147","25","Completed","true","829a53ce-cb67-4556-9234-182ae2559e52"
"FY23","2022-10-15","2022-10-15","Volunteer Training","Volunteer Training","","","10","0","1","0","0","0","0","0","0","0","0","0","0","0","0","0","Completed","true","9e778b63-c418-4050-8257-d280cb7300bb"
"FY23","2022-10-15","2022-10-15","FFF Des Moines","Family Days and Military Appreciation Events","","","30","2.5","2","134","0","0","87","0","0","15","0","0","0","90","326","326","Completed","true","7b102986-847a-496d-9ff9-cd78000dc705"
"FY23","2022-10-16","2022-10-16","Fall Family Festival Sioux City","Partnered Event or Activity","","","0","0","3","130","0","0","114","0","0","21","0","0","0","27","292","110","Completed","true","c9821a90-34b2-4585-9133-cce587e6485a"
"FY23","2022-10-16","2022-10-16","Fall Family Festival Council Bluffs","Partnered Event or Activity","","","0","0","2","141","0","0","124","0","0","23","0","0","0","29","317","0","Completed","true","a66da468-ac78-458c-a921-892125690d3b"
"FY23","2022-11-08","2022-11-08","WFSB Training Meeting","Family Programs Staff Meeting & IPRs","","","0","0","0","9","0","0","0","0","0","0","0","0","0","0","9","0","Completed","true","4fb74cb7-940a-400a-8874-4371f2be1037"
"FY23","2022-12-04","2022-12-04","Holiday Party","Family Days and Military Appreciation Events","","","1","2","2","100","0","0","12","0","0","4","0","0","0","8","124","100","Completed","true","f6cda318-b153-4c33-bccc-a6e37521b604"
"FY23","2022-12-05","2022-12-05","ANG 132 OG/124th ATKS Family Day","Family Days and Military Appreciation Events","","","1","2","2","52","0","0","46","0","0","8","0","0","0","11","117","52","Completed","true","0cf849c4-ec3c-40a1-bba6-442edcbf3757"
"FY23","2022-12-09","2022-12-11","STP Summit","Teen Council Meeting or Training","","","1","4","21","0","0","0","0","0","0","8","0","0","0","0","8","8","Completed","true","4870b960-05cf-4e99-b4be-f4617c869f3f"
"FY23","2022-12-10","2022-12-10","Volunteer Training","Volunteer Training","","","11","0","1","0","0","0","0","0","0","0","0","0","0","0","0","0","Completed","true","a50d5545-7c31-4e2e-9af4-5a04606523e0"
"FY23","2022-12-10","2022-12-10","Cookies with Santa 2022","Partnered Event or Activity","","","16","3","2","49","0","0","24","0","0","9","0","0","0","30","112","104","Completed","true","27e33844-3b01-4cd5-991f-bae0bbf22c95"
"FY23","2023-01-29","2023-01-29","MFE: Quad Cities","Family Days and Military Appreciation Events","","","0","0","2","2","0","0","5","0","0","2","0","0","0","0","9","9","Completed","true","d474b04d-e2fd-4ed4-b359-6247e6e79618"
"FY23","2023-02-08","2023-02-08","JCF: Boone","Community Outreach, Briefings and Events","","","0","0","0","48","0","0","0","0","0","0","0","0","0","0","48","0","Completed","true","588f4c1a-9ad0-42c6-9046-f1c7bfb98020"
"FY23","2023-02-19","2023-02-19","MFE: Iowa City","Day Camp","","","3","2","2","5","0","0","17","0","0","7","0","0","0","0","29","0","Completed","true","b4a68953-7b4f-492b-b308-e8b3070ea61c"
"FY23","2023-03-07","2023-03-07","JCF: Council Bluffs","Community Outreach, Briefings and Events","","","0","0","0","62","0","26","0","0","0","0","0","0","0","0","88","0","Completed","true","96584586-12e4-4941-a009-6c111603dff0"
"FY23","2023-03-10","2023-03-12","STP Retreat","Teen Council Meeting or Training","","","0","0","23","2","0","0","0","0","0","6","0","0","0","0","8","6","Completed","true","bef9dacb-737b-49c1-a1d3-b3bc95fe1419"
"FY23","2023-03-12","2023-03-12","MFE: Sioux City","Day Camp","","","1","3","3","28","0","0","21","0","0","10","0","0","0","18","77","77","Completed","true","41fcc68e-b718-4784-8926-279ed74c03ac"
"FY23","2023-03-30","2023-03-30","132nd Wing Family Unit Event","Family Days and Military Appreciation Events","","","1","3","3","0","0","0","0","57","0","65","11","0","0","14","147","150","Completed","true","86512a10-4892-4cd5-8e9f-e89e2529cead"
"FY23","2023-04-05","2023-04-05","MOMC Paint Night","MOMC Event","","","0","0","2","8","0","0","23","0","0","0","0","0","0","0","31","0","Completed","true","55e7ffc1-3693-44cc-a115-38f46aed43be"
"FY23","2023-04-06","2023-04-06","JCF Des Moines","Command/Unit/FRG Briefings","","","0","0","0","21","0","0","0","0","0","0","0","0","0","0","21","3","Completed","true","3aa36d2a-7c14-4fa2-94b9-d1d2cc2363cb"
"FY23","2023-04-15","2023-04-15","Volunteer Ceremony","Command/Unit/FRG Briefings","","","0","0","0","52","0","0","3","0","0","1","0","0","0","0","56","6","Completed","true","af7d3f78-d14a-483d-aff1-4bd88aead60d"
"FY23","2023-04-25","2023-04-25","USO Teen Game Night","MOMC Event","","","0","0","3","0","0","0","0","0","0","18","0","0","0","0","18","18","Completed","true","6839b614-757f-46d4-b96b-5e715f1d4399"
"FY23","2023-04-29","2023-04-29","Military Family Ball","MOMC Event","","","14","8","3","46","0","0","41","0","0","7","0","0","0","10","104","107","Completed","true","acf6d624-b8c0-4dc5-a5b2-7a33da0157b3"
"FY23","2023-04-29","2023-04-29","Volunteer Training","Volunteer Training","","","0","0","2","0","12","0","0","0","0","0","0","0","0","0","12","0","Completed","true","a2362eab-1d3a-434e-b7ac-a3c794261c62"
"FY23","2023-04-29","2023-04-30","State Teen Panel","Teen Council Meeting or Training","","","0","0","16","0","0","0","0","0","0","7","0","0","0","0","7","0","Completed","true","acff5423-eaf4-4edf-8a4f-4678a06db27e"
"FY23","2023-05-05","2023-05-05","Boone Military Day","Family Days and Military Appreciation Events","","","0","0","1","25","0","0","6","0","0","0","0","0","120","0","151","50","Completed","true","a2ce5e63-e4b4-4a3c-b772-3f829207c9c8"
"FY23","2023-05-20","2023-05-20","MFE: Des Moines","Day Camp","","","0","0","2","34","0","0","55","0","0","6","0","0","0","16","111","105","Completed","true","2c0795f2-e7cc-4331-9886-d730ce237bae"
"FY23","2023-06-01","2023-06-01","Summer Concert Series 1","Family Days and Military Appreciation Events","","","0","0","2","120","0","0","8","0","0","0","0","0","0","0","128","0","Completed","true","645155f2-e2cc-484d-a0c7-dab216f83a08"
"FY23","2023-06-08","2023-06-08","Concert Series 2","Family Days and Military Appreciation Events","","","1","3","3","0","0","0","31","0","0","7","0","0","0","0","38","0","Completed","true","080db6e7-1c20-4005-89c3-2f9c258367a4"
"FY23","2023-06-10","2023-06-10","Yellow Ribbon","Yellow Ribbon Briefing and Programming","","","0","0","0","18","0","0","3","0","0","1","0","0","0","3","25","0","Completed","true","99f3530a-a6ed-45a4-b42e-70f6bbaa89a8"
"FY23","2023-06-24","2023-06-24","MFE: Waterloo","Day Camp","","","2","6","6","36","0","0","32","0","0","6","0","0","0","0","74","74","Completed","true","ae2d4faa-8d97-476c-bf51-e46c23bb39f3"
"FY23","2023-07-06","2023-07-06","Summer Concert Series","Family Days and Military Appreciation Events","","","1","3","3","0","0","0","29","0","0","5","0","0","0","0","34","0","Completed","true","997946f9-06c6-4d7c-a8f5-fce27798edbe"
"FY23","2023-07-23","2023-07-27","Youth Symposium","Youth Symposium","","","18","96","96","0","0","0","67","0","0","18","0","0","0","0","85","0","Completed","true","8206ebe0-23c7-449a-8d98-b0dc67fd4d09"
"FY23","2023-07-23","2023-07-23","Volunteer Training","Volunteer Training","","","0","0","1","3","0","15","0","0","0","0","0","0","0","0","18","0","Completed","true","28d48705-6455-4b18-b284-7c28f3f065c7"
"FY23","2023-08-05","2023-08-05","Yellow Ribbon","Yellow Ribbon Briefing and Programming","","","1","8","8","120","0","0","8","0","0","3","0","0","0","8","139","62","Completed","true","998ada59-023d-4d52-802e-77d2d3b5de08"
"FY23","2023-08-11","2023-08-11","INGOAUX Pool Party","Family Days and Military Appreciation Events","","","3","3","3","130","0","0","114","0","0","21","0","0","0","27","292","0","Completed","true","91181539-c664-47fa-9d2a-c9ecc9de6a54"
"FY23","2023-08-19","2023-08-19","SOS Muster","Gold Star Training/Event","","","1","2","8","80","0","0","11","0","0","4","0","0","0","6","101","15","Completed","true","f7adaf4d-9bbe-403b-a7ad-e893a667204b"
"FY23","2023-09-08","2023-09-08","1034 CSSB Pre YR","Yellow Ribbon Briefing and Programming","","","1","8","8","180","0","0","9","0","0","0","0","0","0","3","192","9","Completed","true","ae773b8e-6e90-4657-a832-fa8207d46782"
"FY23","2023-09-09","2023-09-09","209th Post YR","Yellow Ribbon Briefing and Programming","","","0","0","0","220","0","0","0","0","0","0","0","0","0","0","220","15","Completed","true","0c482673-6744-4c12-a402-2fd000b2dc13"
"FY23","2023-09-16","2022-09-16","Unit Family Day","Family Days and Military Appreciation Events","","","1","2","2","80","0","0","18","0","0","4","0","0","0","12","114","18","Completed","true","2074a2c8-65d8-4749-aaee-8f1f6b4e89d3"
"FY23","2023-09-17","2023-09-17","185th CSSB Soldier/Family Picnic","Family Days and Military Appreciation Events","","","1","2","2","120","0","0","36","0","0","0","0","0","0","12","168","0","Completed","true","de07ea85-22f5-42f3-9868-1ad96afbb62a"
"FY23","2023-09-24","2023-09-24","MFE: Council Bluffs","Day Camp","","","1","3","3","21","0","0","19","0","0","3","0","0","0","3","46","49","Completed","true","fc88a5c2-f1d0-4a8b-84ca-c8dae249ce20"
"FY24","2023-10-14","2023-10-14","Volunteer Training","Volunteer Training","","","21","0","1","0","0","0","0","0","0","0","0","0","0","0","0","0","Completed","true","001421db-b878-4e24-adac-6a788ef5930f"
"FY24","2023-10-14","2023-10-14","STP Summit","Teen Council Meeting or Training","","","0","0","5","0","0","0","0","0","0","3","0","0","0","0","3","0","Completed","true","902150a6-082e-4c62-a049-0a97abfdf54a"
"FY24","2023-10-14","2023-10-14","Fall Family Festival","Day Camp","","","43","5","2","132","0","0","28","0","0","87","0","0","0","51","298","0","Completed","true","7459343b-84c2-48e1-8726-ebcdfc9a7383"
"FY24","2023-12-01","2023-12-01","132d Air Holiday Party","Family Days and Military Appreciation Events","","","1","3","3","50","0","0","35","0","0","25","0","0","0","15","125","50","Completed","true","fb12bc83-410e-467f-a3d9-1478f6782565"
"FY24","2023-12-02","2023-12-02","Army Holiday Party","Family Days and Military Appreciation Events","","","1","3","3","100","0","0","22","0","0","0","0","0","0","8","130","30","Completed","true","f684045f-c5a7-402a-a5a4-c16f47d59bc0"
"FY24","2023-12-02","2023-12-02","Yellow Ribbon","Yellow Ribbon Briefing and Programming","","","0","0","8","0","0","0","4","0","0","0","0","0","0","0","4","0","Completed","true","63a7b72d-3a02-4a08-ad39-31bb2cd75d02"
"FY24","2023-12-09","2023-12-10","State Teen Panel","Teen Council Meeting or Training","","","1","3","16","0","0","0","0","0","0","14","0","0","0","0","14","0","Completed","true","bb969ac3-8054-449b-b35d-1be6729ad322"
"FY24","2023-12-09","2023-12-09","Volunteer Training","Volunteer Training","","","19","0","1","0","0","0","0","0","0","0","0","0","0","0","0","0","Completed","true","094c2abc-763a-4328-8b52-e04d43327a61"
"FY24","2023-12-09","2023-12-09","Cookies w/ Santa","Day Camp","","","19","3","2","67","0","0","54","0","0","16","0","0","0","14","151","67","Completed","true","0839e098-1ddc-4a3f-b92f-f4af79d79427"
"FY24","2024-01-28","2024-01-28","MFE: Davenport","Day Camp","","","0","0","0","14","0","0","11","0","0","11","0","0","0","0","36","0","Completed","true","4cd1c1a5-c908-4fc2-b601-9a97295f2cc3"
"FY24","2024-02-07","2024-02-07","JCF: Boone","Community Outreach, Briefings and Events","","","0","0","0","54","0","0","0","0","0","0","0","0","0","0","54","12","Completed","true","6f884b1e-8092-497f-b3c6-f0b3cf82fd39"
"FY24","2024-02-17","2024-02-17","MFE: Iowa City","Day Camp","","","1","2","2","21","0","0","30","0","0","6","0","0","0","0","57","61","Completed","true","53172228-017d-4fc2-8c28-8cbb72f9b0cd"
"FY24","2024-03-04","2024-03-04","Volunteer Training","Volunteer Training","","","0","0","1","0","0","0","0","0","0","0","0","0","2","0","2","0","Completed","true","3cb78ce9-2b1c-45ef-995a-0bb3cab7a2ce"
"FY24","2024-03-08","2024-03-10","STP Retreat","Teen Council Meeting or Training","","","2","9.5","20.5","0","0","0","0","0","0","11","0","0","0","0","11","33","Completed","true","205ffde8-81dd-4cd9-99d2-8356eed213d7"
"FY24","2024-03-14","2024-03-14","Volunteer Training","Volunteer Training","","","0","0","1","2","0","0","0","0","0","0","0","0","0","0","2","0","Completed","true","92864295-304c-491c-a3f3-a60b089ff949"
"FY24","2024-04-12","2024-04-12","MOMC Classroom Events","MOMC","","","7","5","0","0","0","0","63","0","0","10","0","0","0","7","80","0","Completed","true","34dc0656-2fa2-405e-ae93-afca07a59e44"
"FY24","2024-04-14","2024-04-14","MFE: Sioux City","MOMC","","","1","2","3","15","0","0","22","0","0","6","0","0","0","5","48","48","Completed","true","ac7b0113-839c-46e6-8740-ebce5994c7ba"
"FY24","2024-04-18","2024-04-18","Proclamation","MOMC","","","0","0","1.5","22","0","0","9","0","0","9","0","0","0","8","48","0","Completed","true","1cdd2b55-30ca-4d5b-8f20-bb7438df59d1"
"FY24","2024-04-27","2024-04-27","","MOMC","","","29","4.5","3","42","0","0","26","0","0","19","0","0","0","6","93","0","Completed","true","df443e57-0a52-4f7a-ba6f-4882e5347f8b"
"FY24","2024-04-27","2024-04-27","Volunteer Training","Volunteer Training","","","29","1","0","0","0","0","0","0","0","0","0","0","0","0","0","0","Completed","true","bc994709-9277-464d-865f-c1abba6daf5c"
"FY24","2024-04-27","2024-04-27","STP Summit","Teen Council Meeting or Training","","","3","10","10","2","0","0","0","0","0","8","0","0","0","0","10","0","Completed","true","e259a4a4-2373-4fa6-a692-360199f94a66"
"FY24","2024-05-11","2024-05-11","YRRP During Oskaloosa","Yellow Ribbon Briefing and Programming","","","0","0","0","30","0","0","0","0","0","0","0","0","0","1","31","30","Completed","true","5811df22-7925-43a3-aa37-e7f50ead0d91"
"FY24","2024-05-18","2024-05-18","MFE: Des Moines","Community Outreach, Briefings and Events","","","1","2","2","35","0","0","20","0","0","6","0","0","0","14","75","79","Completed","true","b7d64f83-e253-41eb-a1a3-7cacabba391f"
"FY24","2024-05-30","2024-05-30","TAG Concert Series","Family Days and Military Appreciation Events","","","0","0","0","0","0","0","47","0","0","14","0","0","0","0","61","0","Completed","true","1dc0a7c8-2cbb-4007-bf48-911804910af2"
"FY24","2024-06-08","2024-06-08","Military Family Event: Waterloo","Day Camp","","","0","0","0","13","0","0","13","0","0","11","0","0","0","3","40","6","Completed","true","29874cc4-fdf2-44f1-ae0b-9b6e28ee2751"
"FY24","2024-06-20","2024-06-20","TAG Concert #3","Family Days and Military Appreciation Events","","","1","2.5","2.5","0","0","0","40","0","0","24","0","0","0","0","64","0","Completed","true","eb6342e3-efb6-4c20-a263-98856522d4c8"
"FY24","2024-06-25","2024-06-25","JCF: Waterloo","Community and Partner Trainings or Meetings","","","0","0","0","40","0","0","0","0","0","0","0","0","0","0","40","0","Completed","true","d215d259-8c8e-49a8-ae53-59c69dcc15c6"
"FY24","2024-06-27","2024-06-27","TAG Concert #4","Family Days and Military Appreciation Events","","","0","0","2.5","0","0","0","43","0","0","8","0","0","0","0","51","0","Completed","true","5b1703b1-46ce-40d0-977c-bb244e49f1ce"
"FY24","2024-07-16","2024-07-20","Regional STP Symposium","Regional Symposium","","","1","71.75","71.75","4","0","0","0","0","0","8","0","0","0","0","12","0","Completed","true","cd123c94-b6fa-4566-9e86-7c467027ca2f"
"FY24","2024-07-20","2024-07-20","SOS Retreat","Gold Star Training/Event","","","2","8","8","0","0","0","93","0","0","20","0","0","0","0","113","20","Completed","true","57af7d02-4cd3-4cee-8e1b-c935f598ef8b"
"FY24","2024-07-21","2024-07-27","Youth Symposium","Youth Symposium","","","22","96","96","0","0","0","34","0","0","51","0","0","0","0","85","85","Completed","true","3270e1e7-63b1-4247-a253-e5f7d4d3f78e"
"FY24","2024-07-21","2024-07-21","Volunteer Training","Volunteer Training","","","0","0","2","0","0","0","0","0","0","0","0","0","22","0","22","0","Completed","true","b745c8f4-44da-47ba-b6d5-b779e2a8c60c"
"FY24","2024-09-08","2024-09-08","MFE: Council Bluffs","Community Outreach, Briefings and Events","","","0","0","2","5","0","0","4","0","0","0","0","0","0","4","13","6","Completed","true","7912f529-ce81-428d-931a-d4a634ad348d"
"FY24","2024-09-16","2024-09-18","STP Interviews","Teen Council Meeting or Training","","","0","0","3.5","0","0","0","0","0","0","13","0","0","0","0","13","0","Completed","true","75e47491-fd92-49d5-af9f-133f72fc40c9"
"FY24","2024-09-21","2024-09-21","Yellow Ribbon","Yellow Ribbon Briefing and Programming","","","0","0","0","225","0","0","3","0","0","1","0","0","0","0","229","18","Completed","true","87a037a4-3168-452b-98c5-5d5119d2761b"
"FY24","2024-09-25","2024-09-25","Davenport Joining Community Forces","Community Outreach, Briefings and Events","","","0","0","0","20","0","0","0","0","0","0","0","0","30","0","50","5","Completed","true","14359199-c774-431f-b9a3-1150320139b9"
"FY25","2024-10-12","2024-10-12","Fall Family Festival","Community Outreach, Briefings and Events","","","64","5","2","61","0","0","46","0","0","10","0","0","0","12","129","10","Completed","true","9db79977-0c0d-4856-b3ad-e1119f717d0b"
"FY25","2024-10-12","2024-10-12","Volunteer Training","Volunteer Training","","","0","0","1","30","0","0","0","0","0","0","0","0","34","0","64","0","Completed","true","4e9ff1a0-5986-4e94-9960-9142e1c46f25"
"FY25","2024-10-31","2024-10-31","Family Programs IPR","Family Programs Staff Meeting & IPRs","","","0","0","0","16","0","0","0","0","0","0","0","0","0","0","16","0","Completed","true","9ca43152-61ea-4eba-92b9-f1fed6b09520"
"FY25","2024-11-01","2024-11-01","Unit Family Day","Family Days and Military Appreciation Events","","","1","2","2","40","0","0","22","5","0","2","0","0","0","0","69","0","Completed","true","204bad22-e3d6-4966-9ba4-d11e8fdc8961"
"FY25","2024-11-15","2024-11-15","JCF","Community Outreach, Briefings and Events","","","0","0","0","40","0","26","0","0","0","0","0","0","0","0","66","8","Completed","true","fc768a8f-ca43-4ccc-8b62-752d28d0d207"
"FY25","2024-12-02","2024-12-02","185 CSSB Unity Holiday Event","Family Days and Military Appreciation Events","","","2","2","2","98","0","0","22","0","0","4","0","0","0","8","132","30","Completed","true","722b8bc5-59e1-4244-a84e-d976105cb89a"
"FY25","2024-12-05","2024-12-05","Annual Brief","Command/Unit/FRG Briefings","","","1","1","1","119","0","0","0","0","0","0","0","0","0","0","119","15","Completed","true","9ef5824e-e95f-4c44-80b7-7ecc9b5b3670"
"FY25","2024-12-05","2024-12-05","RSG Annual Brief","Command/Unit/FRG Briefings","","","1","1","1","45","0","0","0","0","0","0","0","0","0","0","45","10","Completed","true","949bdca8-75f0-40b9-a0fb-baf896370080"
"FY25","2024-12-06","2024-12-06","132nd ARW Holiday Event","Family Days and Military Appreciation Events","","","2","2","2","0","157","0","0","82","0","0","25","0","0","32","296","0","Completed","true","d407df16-3567-4674-aefe-d4314b3166c7"
"FY25","2024-12-07","2024-12-07","Camp Dodge Training Center Holiday Event","Family Days and Military Appreciation Events","","","1","2","2","83","0","0","21","0","0","2","0","0","0","5","111","32","Completed","true","f6804f75-79e0-4de7-b3ed-a629a18b4caf"
"FY25","2024-12-07","2024-12-07","Yellow Ribbon","Yellow Ribbon Briefing and Programming","","","1","1","1","40","0","0","1","0","0","0","0","0","0","0","41","8","Completed","true","9331747d-5fdc-4445-9c3a-ffb4240046d7"
"FY25","2024-12-08","2024-12-08","734 RSG HHC Holiday Event","Family Days and Military Appreciation Events","","","1","2","2","90","0","0","68","0","0","14","0","0","0","18","190","68","Completed","true","e4871b98-db3f-4e5d-9421-8b574bf9560c"
"FY25","2025-01-25","2025-01-25","186th MP/ 1034th CSSB Post Yellow Ribbon Event","Yellow Ribbon Briefing and Programming","","","0","0","0.5","75","0","0","3","0","0","0","0","0","10","0","88","6","Completed","true","443a0b08-a319-439f-bd17-09f3f270756a"
"FY25","2025-02-16","2025-02-16","MFE Cedar Rapids","Day Camp","","","0","0","2","3","0","0","4","0","0","2","0","0","0","0","9","0","Completed","true","2a189209-f6b5-49e3-90c5-a25ce020ca98"
"FY25","2025-02-23","2025-02-23","MFE: Davenport","Day Camp","","","1","0","2","7","0","0","8","0","0","0","0","0","0","5","20","7","Completed","true","b7181059-5abb-4463-b00c-aeaa4ded8f89"
"FY25","2025-03-07","2025-03-09","STP Retreat","Teen Council Meeting or Training","","","2","6","23","9","0","0","0","0","0","9","0","0","0","0","18","0","Completed","true","2872a9bc-1a07-4b3e-b2a2-2743a32795a1"
"FY25","2025-04-06","2025-04-06","MFE: Sioux City","MOMC","","","0","0","2","10","0","0","9","0","0","5","0","0","0","3","27","4","Completed","true","23b66d25-65c8-421b-b5bb-ff9de09bf153"
"FY25","2025-04-12","2025-04-12","Military Family Ball","MOMC","","","10","2","3","26","0","0","0","16","0","0","13","0","0","7","62","0","Completed","true","41305074-b861-4b54-8a54-0da090ffaeaf"
"FY25","2025-04-12","2025-04-12","State Teen Panel","Teen Council Meeting or Training","","","0","0","9","0","0","0","0","0","0","10","0","0","0","0","10","0","Completed","true","0f3cc01f-2d9b-437b-9535-8c1155936092"
"FY25","2025-04-12","2025-04-12","Volunteer Training","Volunteer Training","","","0","0","1","10","0","0","0","0","0","0","0","0","0","0","10","0","Completed","true","8318c046-2b73-428c-9510-add19772c6c9"
"FY25","2025-04-22","2025-04-22","Governor Proclamation Signing","MOMC","","","0","0","1.5","8","0","0","4","0","0","4","0","0","0","0","16","0","Completed","true","87af754c-4be0-4a33-8847-b81b7b8d11e2"
"FY25","2025-04-27","2025-04-27","MFE Des Moines","MOMC","","","1","2","2","41","0","0","31","0","0","8","0","0","0","6","86","41","Completed","true","519ebcb4-1f71-4ade-b18b-7403aa7a62ef"
"FY25","2025-04-30","2025-04-30","Purple Up Classroom Kits","MOMC","","","0","0","1","0","0","0","126","0","0","0","0","0","2520","0","2646","126","Completed","true","835699f6-e09b-4b0c-98dd-78a4c5f0fc3e"
"FY25","2025-05-13","2025-05-13","Career/ Resource Fair","Community Outreach, Briefings and Events","","","0","0","0.5","3","0","0","0","0","0","0","0","0","0","0","3","3","Completed","true","fbdbb806-f099-499f-ba51-86ca5d6d1b50"
"FY25","2025-05-16","2025-05-16","Yellow Ribbon - Des Moines","Yellow Ribbon Briefing and Programming","","","1","8","7","1100","0","0","3","0","0","0","0","0","0","0","1103","35","Completed","true","96b78360-852f-46c2-90c1-0ca8d1b4024c"
"FY25","2025-05-16","2025-05-16","Yellow Ribbon - Iowa City","Yellow Ribbon Briefing and Programming","","","0","0","2","0","0","0","26","0","0","0","0","0","0","0","26","26","Completed","true","05e425aa-583b-4e81-800f-c74f7550ae10"
"FY25","2025-05-17","2025-05-17","Yellow Ribbon - Waterloo","Yellow Ribbon Briefing and Programming","","","0","0","2","0","0","0","7","0","0","0","0","0","0","0","7","5","Completed","true","c2af97bf-fe83-44f4-ad80-548b974508b8"
"FY25","2025-05-17","2025-05-17","Yellow Ribbon - Boone","Yellow Ribbon Briefing and Programming","","","0","0","2","0","0","0","7","0","0","0","0","0","0","0","7","6","Completed","true","9e5a9228-b01f-4e45-b8c8-3ed9afeae062"
"FY25","2025-05-18","2025-05-18","Yellow Ribbon - Council Bluffs","Yellow Ribbon Briefing and Programming","","","0","0","2","0","0","0","3","0","0","0","0","0","0","0","3","3","Completed","true","915b937e-5f6a-410e-9ecb-6b3445c62992"
"FY25","2025-05-18","2025-05-18","Yellow Ribbon - Sioux City","Yellow Ribbon Briefing and Programming","","","0","0","2","0","0","0","16","0","0","0","0","0","0","0","16","16","Completed","true","faaa8278-b68e-4c7a-a5bc-b3c9fd2b0f2b"
"FY25","2025-06-02","2025-06-02","Horse Camp Group 1","Day Camp","","","13","2.5","2.5","6","0","0","6","0","0","0","0","0","0","0","12","6","Completed","true","4a4ace47-5558-4e79-bfcd-60423bde7d7f"
"FY25","2025-06-03","2025-06-03","Horse Camp Group 2","Day Camp","","","13","2.5","2.5","11","1","0","14","1","0","0","0","0","0","0","27","11","Completed","true","3ea51784-0c98-46f9-b9d7-a4f55e5cf083"
"FY25","2025-06-04","2025-06-04","Horse Camp Group 3","Day Camp","","","13","2.5","2.5","14","0","0","12","1","0","1","0","0","0","0","28","12","Completed","true","c4216c85-3cb8-4457-84d8-ef5a47e84768"
"FY25","2025-06-05","2025-06-05","Horse Camp Group 4","Day Camp","","","13","2.5","2.5","0","0","0","12","0","0","2","1","0","0","1","16","11","Completed","true","ca0b4882-9b97-40cb-82ac-690e1fe5ea5f"
"FY25","2025-07-01","2025-07-01","TAG Concert Series 1","Family Days and Military Appreciation Events","","","2","3.5","3","0","0","0","55","0","0","7","0","0","0","5","67","0","Completed","true","d3e1f634-cfa2-47c7-94cf-5923fe901e31"
"FY25","2025-07-14","2025-07-18","Region 7 Symposium","Regional Symposium","","","0","0","46.25","6","0","0","0","0","0","9","0","0","0","0","15","27","Completed","true","da921481-2136-42cc-8c12-59a5c8d281fe"
"FY25","2025-07-15","2025-07-15","TAG Concert Series 2","Family Days and Military Appreciation Events","","","0","0","3","0","0","0","17","0","0","5","0","0","0","0","22","0","Completed","true","153118e0-9d4c-442e-98e5-9c364b4fcc07"
"FY25","2025-07-20","2025-07-26","Summer Camp","Youth Symposium","","","21","86","84","0","0","0","34","0","0","45","1","0","0","0","80","0","Completed","true","71c68929-80a1-4fe7-a8d5-ee7380aef183"
"FY25","2025-07-20","2025-07-20","Iowa City 1133rd Unit Family Day","Family Days and Military Appreciation Events","","","1","2","0.5","56","0","0","8","0","0","15","0","0","0","8","87","15","Completed","true","fa5f4736-5bf9-4e0b-80cb-f89952f6e404"
"FY25","2025-07-20","2025-07-20","Volunteer Training","Volunteer Training","","","0","0","1","21","0","0","0","0","0","0","0","0","0","0","21","0","Completed","true","b8ca7211-bc26-43ab-8f30-3f86a8c248cf"
"FY25","2025-07-29","2025-07-29","TAG Concert Series 3","Family Days and Military Appreciation Events","","","2","2.5","2","0","0","0","7","0","0","8","0","0","0","0","15","0","Completed","true","74f6c307-6445-4183-8a93-f382733dc42e"
"FY25","2025-08-30","2025-08-30","SOS Retreat","Gold Star Training/Event","","","1","9","9","0","0","0","13","0","0","5","0","0","0","0","18","18","Completed","true","83343dc7-2244-4a21-854c-65849e61f9b0"
"FY25","2025-09-09","2025-09-09","Resource Fair","Command/Unit/FRG Briefings","","","0","0","1.5","150","0","0","0","0","0","0","0","0","0","0","150","12","Completed","true","ea150ad0-8f2b-43b3-81c2-0d5d5fcef981"
"FY26","2025-10-25","2025-10-25","Fall Family Festival","Family Days and Military Appreciation Events","","","113","4","2","137","14","30","104","11","3","31","3","6","0","42","381","511","Completed","true","54ec4cd0-ebf7-42c5-aa02-13c9be0c85fe"
"FY26","2025-10-25","2025-10-25","Volunteer Training","Volunteer Training","","","0","0","1","24","0","0","0","0","0","0","0","0","0","0","24","0","Completed","true","16a2b27d-f008-434f-ac9c-cd32877c3dce"
"FY26","2025-10-25","2025-10-25","State Teen Panel","Teen Council Meeting or Training","","","0","0","4","0","0","0","6","0","0","0","0","0","0","0","6","0","Completed","true","b6cb1890-7ae3-41a8-b360-2c0670bd40b3"
"FY26","2025-12-06","2025-12-06","Camp Dodge Training Center","Family Days and Military Appreciation Events","","","2","4","2","90","0","0","69","0","0","20","0","0","0","0","179","30","Completed","true","35ef6193-e060-4a2c-9077-8951ed208ddc"
"FY26","2025-12-07","2025-12-07","HHC 185 CSSB","Family Days and Military Appreciation Events","","","2","4","2","63","0","0","48","0","0","14","0","0","0","0","125","30","Completed","true","699f5d4b-2542-4432-acbe-cb58d79e2c13"
"FY26","2025-12-07","2025-12-07","734 RSG","Family Days and Military Appreciation Events","","","2","4","2","133","0","0","101","0","0","30","0","0","0","0","264","40","Completed","true","6cc2d610-095f-4805-8305-8b09afdee5e7"
"FY26","2025-12-09","2025-12-09","Resource Fair","Command/Unit/FRG Briefings","","","0","0","1","25","0","0","0","0","0","0","0","0","0","0","25","10","Completed","true","d833df79-51a9-413e-a4ab-3f8a85c3284c"
"FY26","2025-12-13","2025-12-13","STP Meeting","Teen Council Meeting or Training","","","0","0","2.5","0","0","0","0","0","0","3","0","0","0","0","3","0","Completed","true","ea03b558-a8a0-46ac-91f4-35bd3a2747ee"
"FY26","2025-12-13","2025-12-13","Cookies with Santa","Family Days and Military Appreciation Events","","","5","2.5","1.5","39","0","0","3","0","0","9","0","0","0","10","61","39","Completed","true","0c793a44-d603-4e0f-81ad-1e56dc874ca6"
"FY26","2026-01-18","2026-01-18","MFE Davenport","Day Camp","","","1","2","2","18","0","0","22","0","0","7","0","0","0","5","52","21","Completed","true","6f38cdda-30a2-4ed0-8343-cb7334d620af"
"FY26","2026-02-15","2026-02-15","MFE: Cedar Rapids","Family Days and Military Appreciation Events","","","0","0","2","12","0","0","11","0","0","4","0","0","0","0","27","9","Completed","true","38c05fa8-be5b-4527-8241-96fddbf42228"
"FY26","2026-03-01","2026-03-01","Welcome Event Council Bluffs","Yellow Ribbon Briefing and Programming","","","2","3","1.5","60","0","0","11","0","0","3","0","0","0","4","78","0","Completed","true","89ef21e9-9409-47ee-9532-c6a218b787b9"
"FY26","2026-03-01","2026-03-01","Welcome Home Camp Dodge","Yellow Ribbon Briefing and Programming","","","2","3","1.5","30","0","0","5","0","0","1","0","0","0","2","38","0","Completed","true","668aa24a-40ec-4d07-8824-37033a128b4f"
"FY26","2026-03-06","2026-03-08","STP Retreat","Youth Symposium","","","6","10","28.5","3","0","0","0","0","0","6","1","0","0","0","10","7","Completed","true","0202dba6-08a9-4ebd-86ce-58f4d0485f63"
"FY26","2026-03-07","2026-03-07","MRT at STP Retreat","MRT/Teen Resilience","","","0","0","2","2","0","0","0","0","0","7","0","0","0","0","9","0","Completed","true","f7db2e56-a986-4297-8267-3ddb986ded88"
"FY26","2026-04-01","2026-04-01","STP Summit","Teen Council Meeting or Training","","","0","0","2","0","0","0","0","0","0","2","0","0","0","0","2","0","Completed","true","5a0f1543-c634-40cc-812b-16b77c754365"
"FY26","2026-04-01","2026-04-01","MOMC Proclamation Signing","MOMC","","","0","0","1.5","17","4","2","10","4","0","5","0","0","5","0","47","0","Completed","true","7cc1b4af-ada3-4454-a131-4d17628ae757"
"FY26","2026-04-04","2026-04-04","Mission Possible: Top Secret Youth","MOMC","","","0","0","1.5","0","0","0","1","0","0","1","0","0","0","0","2","0","Completed","true","0d3f5228-187b-4b9a-9aa7-50d6c5fe53b3"
"FY26","2026-04-08","2026-04-12","GTP Meeting","Teen Council Meeting or Training","","","0","0","16","0","0","0","0","0","0","1","0","0","0","0","1","0","Completed","true","1cdebd5f-74d0-4da6-ae86-eeb715d9b8e1"
"FY26","2026-04-10","2026-04-10","Purple UP Classroom Kits","MOMC","","","8","8","1.5","0","0","0","132","0","0","0","0","0","2640","0","2772","132","Completed","true","28894a44-eb20-4757-bc42-c55d9caf65f7"
"FY26","2026-04-14","2026-04-14","Resource Fair","Command/Unit/FRG Briefings","","","0","0","1","35","0","0","0","0","0","0","0","0","0","0","35","15","Completed","true","5b00caaa-5dc3-49cc-ab0b-daf7f1981d1d"
"FY26","2026-04-16","2026-04-16","JCF Council Bluffs","Community Outreach, Briefings and Events","","","0","0","1","60","0","0","0","0","0","0","0","0","0","0","60","8","Completed","true","53591b34-dee1-4680-8b42-f9ac54c1fbca"
"FY26","2026-04-23","2026-04-23","Purple Star Schools Inauguration","MOMC","","","0","0","3","30","0","0","0","0","0","0","0","0","24","0","54","24","Completed","true","d0690703-22a3-41b1-b883-3ea67a610a8a"
"FY26","2026-04-25","2026-04-25","Military Family Ball","MOMC","","","15","2","2.5","32","2","0","46","1","0","8","0","0","4","0","93","2","Completed","true","b2a045c3-cabc-45d0-a411-1ff168a4b788"
"FY26","2026-04-25","2026-04-25","Volunteer Training","Volunteer Training","","","0","0","2","0","0","0","0","0","0","0","0","0","15","0","15","0","Completed","true","39dbc72e-34a0-4ff5-877c-df1e91ac72c5"
"FY26","2026-04-25","2026-04-25","STP Summit","Teen Council Meeting or Training","","","0","0","8","0","0","0","0","0","0","5","0","0","0","0","5","0","Completed","true","3bf9dbd1-c78d-445e-98a9-d8a06bf4613f"
"FY26","2026-05-04","2026-05-04","COI Brief","Community Outreach, Briefings and Events","","","0","0","0.5","20","0","0","6","0","0","0","0","0","43","0","69","5","Completed","true","851944c8-66b5-42aa-95a9-7400d8217351"
"FY26","2026-05-16","2026-05-16","Yellow Ribbon Pre","Yellow Ribbon Briefing and Programming","","","0","0","7","136","0","0","7","0","0","2","0","0","0","0","145","15","Completed","true","ca105326-71bc-4509-b78c-8154bde10577"
"FY26","2026-05-17","2026-05-17","MFE: Sioux City","Day Camp","","","1","2","2","12","1","0","15","0","0","7","2","0","0","0","37","2","Completed","true","ccfe79a8-175d-47be-937d-e653f580d1f4"
"FY26","2026-05-17","2026-05-17","MFE Des Moines","Day Camp","","","1","2","2","20","0","0","25","0","0","6","0","0","0","4","55","0","Completed","true","167e2df6-a469-47f7-bdc8-1dac688d146c"
"FY26","2026-05-21","2026-05-21","TAG Concert Series 1","Partnered Event or Activity","","","2","3","3","9","0","0","41","0","0","0","6","0","0","5","61","0","Completed","true","4b263044-95be-4c67-99de-519214ca4e59"
"FY26","2026-06-04","2026-06-04","TAG Concert Series","Family Days and Military Appreciation Events","","","3","3","3","0","0","0","27","0","0","8","0","0","0","3","38","0","Completed","true","3844cad8-4b44-45be-a26b-e87d9e6ef5ff"
"FY26","2026-06-11","2026-06-11","TAG Concert Series","Partnered Event or Activity","","","1","0","3","0","0","0","12","0","0","5","0","0","0","0","17","0","Completed","true","893ccc07-f6ab-4177-8dad-90d26e86db96"
"FY26","2026-06-19","2026-06-19","Gold Star Museum Tour","Community Outreach, Briefings and Events","","","0","0","2","0","0","0","0","0","0","0","0","0","20","0","20","0","Completed","true","75f119a7-423b-4bda-bacc-cb7817a90544"
"FY26","2026-06-25","2026-06-25","TAG Concert Series","Community and Partner Trainings or Meetings","","","0","0","3","2","0","0","4","0","0","22","0","0","0","0","28","2","Completed","true","2dcfcfdb-24a7-4b66-a80d-11176cd1253c"
"FY26","2026-06-25","2026-06-25","Volunteer Awards","Teen Council Meeting or Training","","","0","0","2","6","0","0","0","0","0","2","0","0","0","0","8","0","Completed","true","ae43c813-3eae-426a-9518-7fbfa31e9e9b"
"FY26","2026-06-28","2026-06-28","MFE Cedar Falls","Day Camp","","","1","2","2","3","0","0","6","0","0","3","0","0","0","0","12","7","Completed","true","2602b174-da67-41df-a414-ceaa46f6af6c"
"FY26","2026-07-13","2026-07-17","Region 7 Symposium","Regional Symposium","","","3","12","56","7","0","0","0","0","0","9","1","0","0","0","17","10","Completed","true","e51ad1a0-0740-4b08-b63b-b176d0534b12"
"FY26","2026-07-19","2026-07-25","Youth Symposium","Youth Symposium","","","14","87","87","0","0","0","33","0","0","46","0","0","0","0","79","79","Completed","true","b0557e6b-0b90-4c89-9f93-e759de58dae2"
"FY26","2026-07-19","2026-07-25","Volunteer Training","Volunteer Training","","","0","0","2","0","0","0","0","0","0","0","0","0","14","0","14","0","Completed","true","d9491f04-d224-4666-bbbe-ba1d7a9e3923"
"FY26","2026-07-25","2026-07-25","SOS Retreat","Gold Star Training/Event","","","1","5","5","56","0","0","13","0","0","8","0","0","0","0","77","56","Completed","true","999b3840-1a09-4404-9b5f-150ddf102e7a"
"FY26","2026-07-31","2026-07-31","Horse Camp 1","Day Camp","","","6","2","2","0","0","0","11","0","0","3","0","0","0","0","14","0","Completed","true","12552402-27b4-4d3a-a5b8-621bce1c87b6"
"FY26","2026-08-01","2026-08-01","Post Deployment Yellow Ribbon","Yellow Ribbon Briefing and Programming","","","2","8","7","1000","0","0","7","0","0","0","0","0","0","0","1007","10","Completed","true","5683babe-0e93-4d93-8aa7-8961eccf8a9d"
"FY26","2026-08-01","2026-08-01","Horse Camp 2","Day Camp","","","0","0","2","0","0","0","10","0","0","2","0","0","0","0","12","0","Completed","true","c423b718-d700-45ee-8a1a-32c2e5a3b3c6"
"FY26","2026-08-08","2026-08-08","Yellow Ribbon Ft Dodge","Yellow Ribbon Briefing and Programming","","","0","0","1.5","106","0","0","2","0","0","0","0","0","0","1","109","36","Completed","true","d10972a2-d280-41dd-9e38-29d5fa8b8367"
"FY26","2026-08-09","2026-08-09","MFE: Council Bluffs","Day Camp","","","0","0","2","19","0","0","15","0","0","4","0","0","0","2","40","10","Completed","true","9af4a2b1-db3a-4206-a462-fcbb61e4eaf0"
"FY26","2026-08-15","2026-08-15","Yellow Ribbon Pre Sioux City","Yellow Ribbon Briefing and Programming","","","0","0","1","450","0","0","0","0","0","0","0","0","0","0","450","14","Completed","true","f02da0f6-73d5-4efa-9798-3cd6cca09135"
"FY26","2026-08-15","2026-08-15","Yellow Ribbon Pre Waterloo","Yellow Ribbon Briefing and Programming","","","0","0","1","425","0","0","0","0","0","0","0","0","0","0","425","16","Completed","true","c1d2ef4d-63be-4394-bb05-44a4dc510711"
"FY26","2026-08-19","2026-08-19","Living History Farms Day Camp 1","Day Camp","","","1","8","7","4","0","0","17","0","0","1","0","0","0","0","22","18","Completed","true","7a8430ed-a5cf-4eae-9217-a4dcb7dd39bc"
"FY26","2026-08-21","2026-08-21","Living History Farms Day Camp 2","Day Camp","","","1","8","7","8","0","0","11","0","0","0","0","0","0","1","20","6","Completed","true","c1e7a829-33cc-4fb7-9733-85ea1525f2fe"
"FY26","2026-08-28","2026-08-28","Post Deployment","Yellow Ribbon Briefing and Programming","","","0","0","6","340","0","0","0","0","0","0","0","0","0","0","340","300","Completed","true","edc2f96b-ef71-486e-966e-91d52b721433"
"FY27","2026-10-24","2026-10-24","Fall Family Festival","Command/Unit/FRG Briefings","","","0","","2","0","0","0","0","0","0","0","0","0","0","0","0","0","Planning","false","e80bfe5f-23fc-49e4-86f7-2e61c1c40965"
"FY27","2026-12-01","2026-12-01","Online Adventure Kit - Winter 2026","Day Camp","Virtual","","0","","","0","0","0","0","0","0","0","0","0","0","0","0","0","Planning","false","48fa80d2-8f5e-429b-8d87-5c52aa8f139a"
"FY27","2026-12-12","2026-12-12","Cookies with Santa","Command/Unit/FRG Briefings","","","0","","1.5","0","0","0","0","0","0","0","0","0","0","0","0","0","Planning","false","ae600c2b-e49a-4578-8703-ddac2291d079"
"FY27","2027-01-17","2027-01-17","MFE Davenport","","","","0","","2","0","0","0","0","0","0","0","0","0","0","0","0","0","Planning","false","f0673f8b-0172-4773-b927-ddc374e44d66"
"FY27","2027-01-17","2027-01-17","MFE Cedar Falls","","","","0","2","2","0","0","0","0","0","0","0","0","0","0","0","0","0","Planning","false","0f19c721-953d-4b09-8b94-e3d2f84c3042"
"FY27","2027-02-14","2027-02-14","MFE Cedar Rapids","","","","0","","2","0","0","0","0","0","0","0","0","0","0","0","0","0","Planning","false","424fb1cd-b67d-4747-8501-3dcf060f3562"
"FY27","2027-02-14","2027-02-14","MFE Council Bluffs","","","","0","","2","0","0","0","0","0","0","0","0","0","0","0","0","0","Planning","false","7d4eb844-1979-4ff1-bfb8-9f4c06324dfb"
"FY27","2027-03-01","2027-03-01","Online Adventure Kit - Spring 2027","Day Camp","Virtual","","0","","","0","0","0","0","0","0","0","0","0","0","0","0","0","Planning","false","53c52aad-92f1-4138-99e7-225bf4ecf8a4"
"FY27","2027-03-06","2027-03-08","STP Retreat","Command/Unit/FRG Briefings","","","0","","","0","0","0","0","0","0","0","0","0","0","0","0","0","Planning","false","282badde-adb0-40b8-b463-91a4094b4298"
"FY27","2027-04-09","2027-04-09","Purple Up","","","","0","","1.5","0","0","0","0","0","0","0","0","0","0","0","0","0","Planning","false","3fbc8da6-0b20-4dd0-a1c2-c457a1c0fcb7"
"FY27","2027-04-24","2027-04-24","Military Family Ball","","","","0","","","0","0","0","0","0","0","0","0","0","0","0","0","0","Planning","false","da077f60-2d98-4f3d-942b-14f17130c0fd"
"FY27","2027-05-16","2027-05-16","MFE Sioux City","","","","0","","2","0","0","0","0","0","0","0","0","0","0","0","0","0","Planning","false","14022ce7-fee7-4bad-a2a2-d18c0b29c380"
"FY27","2027-05-16","2027-05-16","MFE Des Moines","","","","0","","2","0","0","0","0","0","0","0","0","0","0","0","0","0","Planning","false","e7de22ae-2e5d-47b1-b30a-ecb4c6107375"
"FY27","2027-06-01","2027-06-01","Online Adventure Kit - Summer 2027","Day Camp","Virtual","","0","","","0","0","0","0","0","0","0","0","0","0","0","0","0","Planning","false","cae95f91-2314-44b5-8931-7e26827d2270"
"FY27","2027-07-10","2027-07-10","Day Camp","","","","0","","","","","","","","","","","","","","","","Planning","false","e787b143-cee1-41c6-bf63-4f6ba35f324a"
"FY27","2027-07-10","2027-07-10","Regional Symposium","","","","0","","","","","","","","","","","","","","","","Planning","false","7922fc39-f52a-4201-abd6-8858cc5a33dd"
"FY27","2027-07-12","2027-07-16","Regional Symposium","Regional Symposium","","","0","","56","0","0","0","0","0","0","0","0","0","0","0","0","0","Planning","false","6348c19e-c41a-4e9d-b4b1-1b352fea17ec"
"FY27","2027-07-18","2027-07-24","Summer Camp","Youth Symposium","","","21","86","80","0","0","0","0","0","0","0","0","0","0","0","0","0","Planning","false","d96271f7-d8f1-4ad4-bc4a-df337cfc53be"
"FY27","2027-09-01","2027-09-01","Online Adventure Kit - Fall 2027","Day Camp","Virtual","","0","","","0","0","0","0","0","0","0","0","0","0","0","0","0","Planning","false","e5ac29dd-096f-41b0-a19f-cb1b38775e1e"
"FY28","2027-12-01","2027-12-01","Online Adventure Kit - Winter 2027","Day Camp","Virtual","","0","","","0","0","0","0","0","0","0","0","0","0","0","0","0","Planning","false","f71b6b8c-d3df-4759-8a69-0fc311a32766"
"FY28","2028-03-01","2028-03-01","Online Adventure Kit - Spring 2028","Day Camp","Virtual","","0","","","0","0","0","0","0","0","0","0","0","0","0","0","0","Planning","false","0b49535c-df49-459c-bc61-a79f56cea7f0"
"FY28","2028-06-01","2028-06-01","Online Adventure Kit - Summer 2028","Day Camp","Virtual","","0","","","0","0","0","0","0","0","0","0","0","0","0","0","0","Planning","false","418380a6-f628-4687-a0fe-926b578848db"
"FY28","2028-09-01","2028-09-01","Online Adventure Kit - Fall 2028","Day Camp","Virtual","","0","","","0","0","0","0","0","0","0","0","0","0","0","0","0","Planning","false","cdf99d68-3723-4875-80bd-1db11c9486b2"
